calendarEventId,sourceCalendarName,eventDate,eventTime,eventEndTime,status,venueName,summary,location,isPrivateEvent,isAllDay,sourceUrl
45ml7g6j966749fa3kmdpfkmk7@google.com,justdeedeemusic@gmail.com,2024-03-29,,,COMPLETED,Private Event,Private Event,,true,true,/Users/carterswarm/Downloads/Google Calendar Export.ical/justdeedeemusic@gmail.com.ics
7r5ias9jnkv7k417hrmmhc2bko@google.com,justdeedeemusic@gmail.com,2024-03-30,,,COMPLETED,Private Event,Private Event,,true,true,/Users/carterswarm/Downloads/Google Calendar Export.ical/justdeedeemusic@gmail.com.ics
0ag4harbb9v4jtoo2ms6m3genq@google.com,justdeedeemusic@gmail.com,2024-04-05,,,COMPLETED,Private Event,Private Event,,true,true,/Users/carterswarm/Downloads/Google Calendar Export.ical/justdeedeemusic@gmail.com.ics
0dvg4bmj5tejvfs3592ptj76hq@google.com,justdeedeemusic@gmail.com,2024-04-06,,,COMPLETED,Private Event,Private Event,,true,true,/Users/carterswarm/Downloads/Google Calendar Export.ical/justdeedeemusic@gmail.com.ics
4dkbqt13mld4497alro2i03s4h@google.com,justdeedeemusic@gmail.com,2024-05-31,,,COMPLETED,Private Event,Private Event,,true,true,/Users/carterswarm/Downloads/Google Calendar Export.ical/justdeedeemusic@gmail.com.ics
6l8m5ctacpj11uvb33h4fgbv82@google.com,justdeedeemusic@gmail.com,2024-06-01,,,COMPLETED,Private Event,Private Event,,true,true,/Users/carterswarm/Downloads/Google Calendar Export.ical/justdeedeemusic@gmail.com.ics
64pjaphhcphj6b9l6csjcb9k6cqj0b9o6dh3eb9kc5j38e9hclgjee9hcg@google.com,justdeedeemusic@gmail.com,2024-07-18,6:00pm,8:00pm,COMPLETED,Just Dee Dee,Just Dee Dee,,false,false,/Users/carterswarm/Downloads/Google Calendar Export.ical/justdeedeemusic@gmail.com.ics
48c828q023d7a51bmc32fa35f6@google.com,justdeedeemusic@gmail.com,2024-08-24,9:00am,2:00pm,COMPLETED,Private Event,Private Event - Tag Day,,true,false,/Users/carterswarm/Downloads/Google Calendar Export.ical/justdeedeemusic@gmail.com.ics
4hejtvqrj33b4kt7m7og2tueql@google.com,JDDM Web Events,2024-08-24,9:00am,2:00pm,COMPLETED,Private Event,JDDM Private Event,,true,false,/Users/carterswarm/Downloads/Google Calendar Export.ical/JDDM Web Events_051b2fd8ffc9844eed9867801c9a348f546e282a484f7a33f47543273162a7ba@group.calendar.google.com.ics
53g3p3r99djd13bac646oneev0@google.com,justdeedeemusic@gmail.com,2024-09-06,6:00pm,10:00pm,COMPLETED,Senior Night,Senior Night,,false,false,/Users/carterswarm/Downloads/Google Calendar Export.ical/justdeedeemusic@gmail.com.ics
1ngdetekfmm3rsmrn51bkl0oma@google.com,JDDM Web Events,2024-09-06,6:00pm,10:00pm,COMPLETED,Private Event,JDDM Private Event,,true,false,/Users/carterswarm/Downloads/Google Calendar Export.ical/JDDM Web Events_051b2fd8ffc9844eed9867801c9a348f546e282a484f7a33f47543273162a7ba@group.calendar.google.com.ics
3a5kn8dmn7jsai78048e13euom@google.com,justdeedeemusic@gmail.com,2024-09-08,2:00pm,3:00pm,COMPLETED,Parkside Villa,Parkside Villa,"7040 Hepburn Rd, Middleburg Heights, OH 44130",false,false,/Users/carterswarm/Downloads/Google Calendar Export.ical/justdeedeemusic@gmail.com.ics
1liu53gqcv48360l3app6lacot@google.com,JDDM Web Events,2024-09-08,2:00pm,3:00pm,COMPLETED,Private Event,JDDM Private Event,,true,false,/Users/carterswarm/Downloads/Google Calendar Export.ical/JDDM Web Events_051b2fd8ffc9844eed9867801c9a348f546e282a484f7a33f47543273162a7ba@group.calendar.google.com.ics
4rs44ufqmc8t6g9cjrgminrpip@google.com,JDDM Web Events,2024-09-28,3:00pm,6:00pm,COMPLETED,Private Event,JDDM Private Event,,true,false,/Users/carterswarm/Downloads/Google Calendar Export.ical/JDDM Web Events_051b2fd8ffc9844eed9867801c9a348f546e282a484f7a33f47543273162a7ba@group.calendar.google.com.ics
ot91ui5s5do22vb780avvla3mo@google.com,justdeedeemusic@gmail.com,2024-10-13,2:00pm,3:00pm,COMPLETED,Private Event,Emerald Solon Nursing Home private event,,true,false,/Users/carterswarm/Downloads/Google Calendar Export.ical/justdeedeemusic@gmail.com.ics
b9k34v2a0jm5v74u9jnie3hamc@google.com,JDDM Web Events,2024-10-13,2:00pm,3:00pm,COMPLETED,Private Event,JDDM Private Event,,true,false,/Users/carterswarm/Downloads/Google Calendar Export.ical/JDDM Web Events_051b2fd8ffc9844eed9867801c9a348f546e282a484f7a33f47543273162a7ba@group.calendar.google.com.ics
1nq5re6tlvho1h2ms4ktl8ths8@google.com,justdeedeemusic@gmail.com,2024-10-29,3:00pm,4:00pm,COMPLETED,Legacy,Legacy,"7040 Hepburn Rd, Middleburg Heights, OH 44130",false,false,/Users/carterswarm/Downloads/Google Calendar Export.ical/justdeedeemusic@gmail.com.ics
4he16ibbvkbnaosnv27p6bql38@google.com,JDDM Web Events,2024-10-29,3:00pm,4:00pm,COMPLETED,Private Event,JDDM Private Event,,true,false,/Users/carterswarm/Downloads/Google Calendar Export.ical/JDDM Web Events_051b2fd8ffc9844eed9867801c9a348f546e282a484f7a33f47543273162a7ba@group.calendar.google.com.ics
691kl84gqr82ht60hspo3criph@google.com,justdeedeemusic@gmail.com,2024-11-02,12:00pm,4:00pm,COMPLETED,Amish Door Market,Amish Door Market,,false,false,/Users/carterswarm/Downloads/Google Calendar Export.ical/justdeedeemusic@gmail.com.ics
5dt69gjd41ocrbc24ek6fehak1@google.com,justdeedeemusic@gmail.com,2024-11-09,11:30am,1:00pm,COMPLETED,Seville's Christmas Preview,JustDeeDeeMusic Live @ Seville's Christmas Preview,"Seville, OH 44273, USA",false,false,/Users/carterswarm/Downloads/Google Calendar Export.ical/justdeedeemusic@gmail.com.ics
1td1dgqhcmejgg6ej1tncggkkb@google.com,justdeedeemusic@gmail.com,2024-11-17,2:00pm,3:00pm,COMPLETED,Private Event,Emerald Solon Nursing Home private event,,true,false,/Users/carterswarm/Downloads/Google Calendar Export.ical/justdeedeemusic@gmail.com.ics
3qb1jppldhjqqoihiij5n1gk2o@google.com,JDDM Web Events,2024-11-17,2:00pm,3:00pm,COMPLETED,Private Event,JDDM Private Event,,true,false,/Users/carterswarm/Downloads/Google Calendar Export.ical/JDDM Web Events_051b2fd8ffc9844eed9867801c9a348f546e282a484f7a33f47543273162a7ba@group.calendar.google.com.ics
6344CD54-4DD3-4DD4-9F02-CED9E98729C0,justdeedeemusic@gmail.com,2024-11-20,7:00pm,9:00pm,COMPLETED,New Event Brighton Brewing,New Event Brighton Brewing,,false,false,/Users/carterswarm/Downloads/Google Calendar Export.ical/justdeedeemusic@gmail.com.ics
7tt1dvkb8gah0ahsttior4f9hv@google.com,justdeedeemusic@gmail.com,2024-11-29,6:00pm,9:00pm,COMPLETED,Madison Brewing,Madison Brewing,,false,false,/Users/carterswarm/Downloads/Google Calendar Export.ical/justdeedeemusic@gmail.com.ics
6dej1oglef90nrrp626gf74mqt@google.com,JDDM Web Events,2024-12-15,,,COMPLETED,JDDM 2024 Winter Tour; December 15th - December 30th,JDDM 2024 Winter Tour; December 15th - December 30th,,false,true,/Users/carterswarm/Downloads/Google Calendar Export.ical/JDDM Web Events_051b2fd8ffc9844eed9867801c9a348f546e282a484f7a33f47543273162a7ba@group.calendar.google.com.ics
50i3rf8dbadrscgq8a3i5geth9@google.com,justdeedeemusic@gmail.com,2025-01-10,7:00pm,10:00pm,COMPLETED,ESP Brewing,ESP Brewing,,false,false,/Users/carterswarm/Downloads/Google Calendar Export.ical/justdeedeemusic@gmail.com.ics
6huhsf04mrhbbm404usvahak8s@google.com,justdeedeemusic@gmail.com,2025-01-11,6:00pm,9:00pm,COMPLETED,Halliday Winery,Halliday Winery,,false,false,/Users/carterswarm/Downloads/Google Calendar Export.ical/justdeedeemusic@gmail.com.ics
358kf0h8ic47da1a4s9p98htuj@google.com,justdeedeemusic@gmail.com,2025-01-19,2:00pm,5:00pm,COMPLETED,Das Weinhaus,Das Weinhaus,,false,false,/Users/carterswarm/Downloads/Google Calendar Export.ical/justdeedeemusic@gmail.com.ics
7gs166mmpp8t8b6dle8vtaiip9@google.com,justdeedeemusic@gmail.com,2025-01-24,7:00pm,10:00pm,COMPLETED,Via Roma,JustDeeDeeMusic Live @ Via Roma,"8922 Ridge Rd, North Royalton, OH 44133",false,false,/Users/carterswarm/Downloads/Google Calendar Export.ical/justdeedeemusic@gmail.com.ics
ss89m6h9ibkpp5co5iqjn3om5s@google.com,justdeedeemusic@gmail.com,2025-02-07,6:00pm,9:00pm,COMPLETED,Madison Brewing,Madison Brewing,,false,false,/Users/carterswarm/Downloads/Google Calendar Export.ical/justdeedeemusic@gmail.com.ics
55rql4dbhert8sscmfvjdkldck@google.com,justdeedeemusic@gmail.com,2025-02-08,7:00pm,10:00pm,COMPLETED,Brandon Dance,Brandon Dance,,false,false,/Users/carterswarm/Downloads/Google Calendar Export.ical/justdeedeemusic@gmail.com.ics
3te59i898vvltbrlmoqknji1lt@google.com,JDDM Web Events,2025-02-08,7:00pm,10:00pm,COMPLETED,Private Event,JDDM 2025 Scheduled Private Event,,true,false,/Users/carterswarm/Downloads/Google Calendar Export.ical/JDDM Web Events_051b2fd8ffc9844eed9867801c9a348f546e282a484f7a33f47543273162a7ba@group.calendar.google.com.ics
5ccdvlh65970f37nt48r3ai93m@google.com,justdeedeemusic@gmail.com,2025-02-16,2:00pm,6:00pm,COMPLETED,Das Weinhaus Open Mic,Das Weinhaus Open Mic,,false,false,/Users/carterswarm/Downloads/Google Calendar Export.ical/justdeedeemusic@gmail.com.ics
4gb29edejbsqaif7v6ribmjibc@google.com,justdeedeemusic@gmail.com,2025-02-22,7:00pm,10:00pm,COMPLETED,Brandon Dance,Brandon Dance,,false,false,/Users/carterswarm/Downloads/Google Calendar Export.ical/justdeedeemusic@gmail.com.ics
683ntm5ag7aoko388tvd6j5pig@google.com,JDDM Web Events,2025-02-22,7:00pm,10:00pm,COMPLETED,Private Event,JDDM 2025 Scheduled Private Event,,true,false,/Users/carterswarm/Downloads/Google Calendar Export.ical/JDDM Web Events_051b2fd8ffc9844eed9867801c9a348f546e282a484f7a33f47543273162a7ba@group.calendar.google.com.ics
3p2srbrh1ohcem3da1u5l0rvsh@google.com,justdeedeemusic@gmail.com,2025-02-28,7:00pm,10:00pm,COMPLETED,Via Roma,Via Roma,"8922 Ridge Rd, North Royalton, OH 44133",false,false,/Users/carterswarm/Downloads/Google Calendar Export.ical/justdeedeemusic@gmail.com.ics
18pgkgmme59qruib5n954jjgvt@google.com,justdeedeemusic@gmail.com,2025-03-07,7:00pm,10:00pm,COMPLETED,Village Inn,Village Inn,,false,false,/Users/carterswarm/Downloads/Google Calendar Export.ical/justdeedeemusic@gmail.com.ics
0652047E-BC04-49D7-A65A-0C8B8241844B,justdeedeemusic@gmail.com,2025-03-14,7:00pm,10:00pm,COMPLETED,Brighton Brewing,Brighton Brewing,,false,false,/Users/carterswarm/Downloads/Google Calendar Export.ical/justdeedeemusic@gmail.com.ics
0hv6ser6ifo3v8h1lakabi9q64@google.com,justdeedeemusic@gmail.com,2025-03-16,2:00pm,6:00pm,COMPLETED,Das Weinhaus Open Mic,Das Weinhaus Open Mic,,false,false,/Users/carterswarm/Downloads/Google Calendar Export.ical/justdeedeemusic@gmail.com.ics
6doav067b8n1flqpjnj067b61r@google.com,justdeedeemusic@gmail.com,2025-03-20,6:00pm,8:00pm,COMPLETED,New Berlin Brewing Co.,New Berlin Brewing Co.,,false,false,/Users/carterswarm/Downloads/Google Calendar Export.ical/justdeedeemusic@gmail.com.ics
13u9kq1il4stubbc374h6evid7@google.com,justdeedeemusic@gmail.com,2025-03-21,7:00pm,10:00pm,COMPLETED,Via Roma,Via Roma,"8922 Ridge Rd, North Royalton, OH 44133",false,false,/Users/carterswarm/Downloads/Google Calendar Export.ical/justdeedeemusic@gmail.com.ics
na5c4s11mkbfoq5jvp94005qg0@google.com,justdeedeemusic@gmail.com,2025-03-22,3:30pm,7:30pm,COMPLETED,Debonne,Debonne,,false,false,/Users/carterswarm/Downloads/Google Calendar Export.ical/justdeedeemusic@gmail.com.ics
61hu4e07js52dpsoj0b7m8skl0@google.com,JDDM Web Events,2025-03-23,,,COMPLETED,JDDM 2025 Spring Tour; March 23rd - March 30th,JDDM 2025 Spring Tour; March 23rd - March 30th,,false,true,/Users/carterswarm/Downloads/Google Calendar Export.ical/JDDM Web Events_051b2fd8ffc9844eed9867801c9a348f546e282a484f7a33f47543273162a7ba@group.calendar.google.com.ics
2avpqtjfokbmtrd7lk1eer1o9e@google.com,justdeedeemusic@gmail.com,2025-04-04,6:00pm,9:00pm,COMPLETED,Mastropietro Winery,Mastropietro Winery,,false,false,/Users/carterswarm/Downloads/Google Calendar Export.ical/justdeedeemusic@gmail.com.ics
4k49ll2usekdnbufrq1it7569q@google.com,justdeedeemusic@gmail.com,2025-04-11,4:00pm,11:00pm,COMPLETED,Brandon Prom,Brandon Prom,,false,false,/Users/carterswarm/Downloads/Google Calendar Export.ical/justdeedeemusic@gmail.com.ics
2jjv8ndfnbj9pjc62gjq861m99@google.com,JDDM Web Events,2025-04-11,4:00pm,11:00pm,COMPLETED,Private Event,JDDM 2025 Scheduled Private Event,,true,false,/Users/carterswarm/Downloads/Google Calendar Export.ical/JDDM Web Events_051b2fd8ffc9844eed9867801c9a348f546e282a484f7a33f47543273162a7ba@group.calendar.google.com.ics
5617vb89315ouo2t0dmfs1qo4u@google.com,justdeedeemusic@gmail.com,2025-04-13,2:00pm,6:00pm,COMPLETED,Das Weinhaus Open Mic,Das Weinhaus Open Mic,,false,false,/Users/carterswarm/Downloads/Google Calendar Export.ical/justdeedeemusic@gmail.com.ics
30csongn7h5a13ornubpse8bd3@google.com,justdeedeemusic@gmail.com,2025-04-18,6:00pm,9:00pm,COMPLETED,Halliday Winery,Halliday Winery,,false,false,/Users/carterswarm/Downloads/Google Calendar Export.ical/justdeedeemusic@gmail.com.ics
3674ohp6qnasraompcocoiv16m@google.com,justdeedeemusic@gmail.com,2025-04-26,7:00pm,9:00pm,COMPLETED,North Water Brewing Company,North Water Brewing Company,,false,false,/Users/carterswarm/Downloads/Google Calendar Export.ical/justdeedeemusic@gmail.com.ics
2u05a3vpvn8no7ohv9vfnt039e@google.com,justdeedeemusic@gmail.com,2025-05-02,7:00pm,10:00pm,COMPLETED,Village Inn,Village Inn,,false,false,/Users/carterswarm/Downloads/Google Calendar Export.ical/justdeedeemusic@gmail.com.ics
i0uen1ctl02np4ppf6gb7aards@google.com,justdeedeemusic@gmail.com,2025-05-04,2:30pm,5:30pm,COMPLETED,Debonne,Debonne,,false,false,/Users/carterswarm/Downloads/Google Calendar Export.ical/justdeedeemusic@gmail.com.ics
1qq9mjjll19qmljk96h7fjf116@google.com,justdeedeemusic@gmail.com,2025-05-10,6:00pm,8:00pm,COMPLETED,White Timbers,White Timbers,,false,false,/Users/carterswarm/Downloads/Google Calendar Export.ical/justdeedeemusic@gmail.com.ics
u0gn6ipd2vmodkhrtibri5lohg@google.com,justdeedeemusic@gmail.com,2025-05-11,3:00pm,6:00pm,COMPLETED,Das Weinhaus,Das Weinhaus,,false,false,/Users/carterswarm/Downloads/Google Calendar Export.ical/justdeedeemusic@gmail.com.ics
3nhvne27dnsrfa05gjsutlfumf@google.com,justdeedeemusic@gmail.com,2025-05-18,2:00pm,6:00pm,COMPLETED,Das Weinhaus Open Mic,Das Weinhaus Open Mic,,false,false,/Users/carterswarm/Downloads/Google Calendar Export.ical/justdeedeemusic@gmail.com.ics
7b0nvbkef97u4gnatjceaae1uj@google.com,justdeedeemusic@gmail.com,2025-05-21,6:00pm,9:00pm,COMPLETED,Brandon Graduation,Brandon Graduation,,false,false,/Users/carterswarm/Downloads/Google Calendar Export.ical/justdeedeemusic@gmail.com.ics
5uj5r0evsf9fmpaqd5oqq46hm8@google.com,JDDM Web Events,2025-05-21,6:00pm,9:00pm,COMPLETED,Private Event,JDDM 2025 Scheduled Private Event,,true,false,/Users/carterswarm/Downloads/Google Calendar Export.ical/JDDM Web Events_051b2fd8ffc9844eed9867801c9a348f546e282a484f7a33f47543273162a7ba@group.calendar.google.com.ics
6pjjoiu85r9nle1pkdc2fad479@google.com,justdeedeemusic@gmail.com,2025-05-22,5:00pm,11:30pm,COMPLETED,Brandon Graduation,Brandon Graduation,,false,false,/Users/carterswarm/Downloads/Google Calendar Export.ical/justdeedeemusic@gmail.com.ics
6rfigohqd0uq3okniqvvdvca4a@google.com,JDDM Web Events,2025-05-22,5:00pm,11:30pm,COMPLETED,Private Event,JDDM 2025 Scheduled Private Event,,true,false,/Users/carterswarm/Downloads/Google Calendar Export.ical/JDDM Web Events_051b2fd8ffc9844eed9867801c9a348f546e282a484f7a33f47543273162a7ba@group.calendar.google.com.ics
6rid9hbi8eoa20k8hu2ijs2hte@google.com,justdeedeemusic@gmail.com,2025-05-31,1:00pm,4:00pm,COMPLETED,Day Dream Farm Winery,Day Dream Farm Winery,,false,false,/Users/carterswarm/Downloads/Google Calendar Export.ical/justdeedeemusic@gmail.com.ics
49ako0jvojomd9bc9ovicjuj7n@google.com,justdeedeemusic@gmail.com,2025-06-07,6:00pm,9:00pm,COMPLETED,Pint and Pie Works,Pint and Pie Works,,false,false,/Users/carterswarm/Downloads/Google Calendar Export.ical/justdeedeemusic@gmail.com.ics
2pm9miu9g9jlaaac49jrsear6r@google.com,justdeedeemusic@gmail.com,2025-06-08,1:00pm,4:00pm,COMPLETED,Brew Kettle Brunswick,Brew Kettle Brunswick,,false,false,/Users/carterswarm/Downloads/Google Calendar Export.ical/justdeedeemusic@gmail.com.ics
733d1oarsppi7d9s8p8t0lfjir@google.com,justdeedeemusic@gmail.com,2025-06-11,6:30pm,8:30pm,COMPLETED,Little Birdie Wine Nest,Little Birdie Wine Nest,,false,false,/Users/carterswarm/Downloads/Google Calendar Export.ical/justdeedeemusic@gmail.com.ics
853B6E99-8BA3-4C49-A5FF-88AAA1E5EB56,justdeedeemusic@gmail.com,2025-06-14,2:00pm,5:00pm,COMPLETED,Castaway Craigs - Lake Milton,Castaway Craigs - Lake Milton,,false,false,/Users/carterswarm/Downloads/Google Calendar Export.ical/justdeedeemusic@gmail.com.ics
hcobekjr7j07kqmptuqga6qisk@google.com,justdeedeemusic@gmail.com,2025-06-15,3:00pm,6:00pm,COMPLETED,Das Weinhaus,Das Weinhaus,,false,false,/Users/carterswarm/Downloads/Google Calendar Export.ical/justdeedeemusic@gmail.com.ics
1r4d1br7p5hn6domji9nefr53s@google.com,JDDM Web Events,2025-06-20,,,COMPLETED,JDDM 2025 Summer Tour; June 20th - July 6th,JDDM 2025 Summer Tour; June 20th - July 6th,,false,true,/Users/carterswarm/Downloads/Google Calendar Export.ical/JDDM Web Events_051b2fd8ffc9844eed9867801c9a348f546e282a484f7a33f47543273162a7ba@group.calendar.google.com.ics
16l1qeond5s2i90vr2tijg1nh5@google.com,justdeedeemusic@gmail.com,2025-07-12,5:00pm,7:00pm,COMPLETED,Peninsula Coffee House and Market,Peninsula Coffee House and Market,,false,false,/Users/carterswarm/Downloads/Google Calendar Export.ical/justdeedeemusic@gmail.com.ics
30cbrbor5hlc47tliee7nc3ums@google.com,justdeedeemusic@gmail.com,2025-07-12,9:00am,12:00pm,COMPLETED,Seville Farmers Market,Seville Farmers Market,,false,false,/Users/carterswarm/Downloads/Google Calendar Export.ical/justdeedeemusic@gmail.com.ics
s7vo728cc4tdakvtl4t5d6g5b0@google.com,justdeedeemusic@gmail.com,2025-07-13,,,COMPLETED,Private Event,Private party,,true,true,/Users/carterswarm/Downloads/Google Calendar Export.ical/justdeedeemusic@gmail.com.ics
87F5FE47-60DE-4BD2-9BFE-F20F09B2DA19,justdeedeemusic@gmail.com,2025-07-19,2:00pm,5:00pm,COMPLETED,Castaway Craigs - Lake Milton,Castaway Craigs - Lake Milton,,false,false,/Users/carterswarm/Downloads/Google Calendar Export.ical/justdeedeemusic@gmail.com.ics
1mso4k7smn96mgiub0grd09s5m@google.com,justdeedeemusic@gmail.com,2025-07-20,2:00pm,6:00pm,COMPLETED,Das Weinhaus,Das Weinhaus,,false,false,/Users/carterswarm/Downloads/Google Calendar Export.ical/justdeedeemusic@gmail.com.ics
3hqiavl6urrgn1bvf8qbib25n0@google.com,justdeedeemusic@gmail.com,2025-07-26,6:00pm,9:00pm,COMPLETED,Bummin' Beaver Brewery,Bummin' Beaver Brewery,"11610 E Washington St, Chagrin Falls, OH 44023",false,false,/Users/carterswarm/Downloads/Google Calendar Export.ical/justdeedeemusic@gmail.com.ics
0ue41qd5foabjbu696nv5rd95l@google.com,justdeedeemusic@gmail.com,2025-07-27,1:00pm,4:00pm,COMPLETED,Brew Kettle Brunswick,Brew Kettle Brunswick,,false,false,/Users/carterswarm/Downloads/Google Calendar Export.ical/justdeedeemusic@gmail.com.ics
1o37oqov62fmdb92r0r476676p@google.com,justdeedeemusic@gmail.com,2025-08-01,8:00pm,11:00pm,COMPLETED,Village Inn,Village Inn,,false,false,/Users/carterswarm/Downloads/Google Calendar Export.ical/justdeedeemusic@gmail.com.ics
7aqosovt6ih884tpnbipo2m4ft@google.com,justdeedeemusic@gmail.com,2025-08-09,11:00am,3:00pm,COMPLETED,Lorain Summer Market,Lorain Summer Market,,false,false,/Users/carterswarm/Downloads/Google Calendar Export.ical/justdeedeemusic@gmail.com.ics
5a4qrhi39af95d1d1u0knen45b@google.com,justdeedeemusic@gmail.com,2025-08-15,7:00pm,10:00pm,COMPLETED,Brighton Brewing,Brighton Brewing,,false,false,/Users/carterswarm/Downloads/Google Calendar Export.ical/justdeedeemusic@gmail.com.ics
6b119g9gsd59rkhsocjdgebck0@google.com,justdeedeemusic@gmail.com,2025-08-17,2:00pm,6:00pm,COMPLETED,Das Weinhaus,Das Weinhaus,,false,false,/Users/carterswarm/Downloads/Google Calendar Export.ical/justdeedeemusic@gmail.com.ics
2b2qs55he720h3ll9mep68h2el@google.com,justdeedeemusic@gmail.com,2025-08-20,6:00pm,9:00pm,COMPLETED,Styx,Styx,,false,false,/Users/carterswarm/Downloads/Google Calendar Export.ical/justdeedeemusic@gmail.com.ics
3q6l7tutdk2gu3ishe9s6sk5ho@google.com,JDDM Web Events,2025-08-20,6:00pm,9:00pm,COMPLETED,Private Event,JDDM 2025 Scheduled Private Event,,true,false,/Users/carterswarm/Downloads/Google Calendar Export.ical/JDDM Web Events_051b2fd8ffc9844eed9867801c9a348f546e282a484f7a33f47543273162a7ba@group.calendar.google.com.ics
34n8jc8r805212u5dhedipp29f@google.com,justdeedeemusic@gmail.com,2025-08-22,6:00pm,9:00pm,COMPLETED,Old Fish House-Huron,Old Fish House-Huron,,false,false,/Users/carterswarm/Downloads/Google Calendar Export.ical/justdeedeemusic@gmail.com.ics
15sm57qqqrk3g95dcuqgr5lmmr@google.com,justdeedeemusic@gmail.com,2025-08-23,6:00pm,9:00pm,COMPLETED,Bummin' Beaver Brewery,Bummin' Beaver Brewery,"11610 E Washington St, Chagrin Falls, OH 44023",false,false,/Users/carterswarm/Downloads/Google Calendar Export.ical/justdeedeemusic@gmail.com.ics
5mhno5jlrpoj3ee7gtvg93oa9p@google.com,justdeedeemusic@gmail.com,2025-08-24,4:00pm,7:00pm,COMPLETED,Brew Kettle Brunswick,Brew Kettle Brunswick,,false,false,/Users/carterswarm/Downloads/Google Calendar Export.ical/justdeedeemusic@gmail.com.ics
23ftd4i3m2hsnl3qfspmjsjr40@google.com,justdeedeemusic@gmail.com,2025-08-29,5:00pm,10:00pm,COMPLETED,Return from Vegas,Return from Vegas,,false,false,/Users/carterswarm/Downloads/Google Calendar Export.ical/justdeedeemusic@gmail.com.ics
5B8F2AC4-DF92-48AC-A93A-2C6E1753320E,JDDM Web Events,2025-08-29,5:00pm,10:00pm,COMPLETED,Private Event,JDDM 2025 Scheduled Private Event,,true,false,/Users/carterswarm/Downloads/Google Calendar Export.ical/JDDM Web Events_051b2fd8ffc9844eed9867801c9a348f546e282a484f7a33f47543273162a7ba@group.calendar.google.com.ics
1jilu931igmrrcn283kmoa8nlu@google.com,justdeedeemusic@gmail.com,2025-08-30,6:00pm,9:00pm,COMPLETED,Pint and Pie Works,Pint and Pie Works,,false,false,/Users/carterswarm/Downloads/Google Calendar Export.ical/justdeedeemusic@gmail.com.ics
kae1mq01ga2or1gg8agne1gquk@google.com,justdeedeemusic@gmail.com,2025-08-30,9:00am,12:00pm,COMPLETED,Seville Farmers Market,Seville Farmers Market,,false,false,/Users/carterswarm/Downloads/Google Calendar Export.ical/justdeedeemusic@gmail.com.ics
3oafiq7v2mhe0louoe191uui8l@google.com,justdeedeemusic@gmail.com,2025-09-05,6:00pm,8:00pm,COMPLETED,Main Street Wooster,Main Street Wooster,,false,false,/Users/carterswarm/Downloads/Google Calendar Export.ical/justdeedeemusic@gmail.com.ics
80043F15-56EA-4672-B45E-CDDF835D3A4E,justdeedeemusic@gmail.com,2025-09-06,6:00pm,9:00pm,COMPLETED,Hoppy Dude Brews,Hoppy Dude Brews,,false,false,/Users/carterswarm/Downloads/Google Calendar Export.ical/justdeedeemusic@gmail.com.ics
51kj2o2bcqlhcq2db6oot47n12@google.com,justdeedeemusic@gmail.com,2025-09-13,5:00pm,7:00pm,COMPLETED,Peninsula Coffee House and Market,Peninsula Coffee House and Market,,false,false,/Users/carterswarm/Downloads/Google Calendar Export.ical/justdeedeemusic@gmail.com.ics
gr9rep5gvk7tr523lrudbvrg98@google.com,justdeedeemusic@gmail.com,2025-09-13,9:00am,12:00pm,COMPLETED,Seville Farmers Market,Seville Farmers Market,,false,false,/Users/carterswarm/Downloads/Google Calendar Export.ical/justdeedeemusic@gmail.com.ics
06m8rqkg5dife3fsc5alqt9hfk@google.com,justdeedeemusic@gmail.com,2025-09-14,3:00pm,6:00pm,COMPLETED,Das Weinhaus,Das Weinhaus,,false,false,/Users/carterswarm/Downloads/Google Calendar Export.ical/justdeedeemusic@gmail.com.ics
4hvpsl3fmhisfep2e9gorm6pft@google.com,justdeedeemusic@gmail.com,2025-09-17,6:30pm,8:30pm,COMPLETED,Little Birdie Wine Nest,Little Birdie Wine Nest,,false,false,/Users/carterswarm/Downloads/Google Calendar Export.ical/justdeedeemusic@gmail.com.ics
r8umgvt4gvnclvdjq34vrt94e0@google.com,justdeedeemusic@gmail.com,2025-09-19,6:00pm,9:00pm,COMPLETED,Mastropietro Winery,Mastropietro Winery,,false,false,/Users/carterswarm/Downloads/Google Calendar Export.ical/justdeedeemusic@gmail.com.ics
125llr2g2venqsj6t2bph6a3q2@google.com,justdeedeemusic@gmail.com,2025-09-27,7:00pm,10:00pm,COMPLETED,Medina Brewing Company,Medina Brewing Company,,false,false,/Users/carterswarm/Downloads/Google Calendar Export.ical/justdeedeemusic@gmail.com.ics
7bel4kq80313ab7gmdlso0hm5k@google.com,justdeedeemusic@gmail.com,2025-10-10,6:00pm,9:00pm,COMPLETED,Red Eagle Distillery,Red Eagle Distillery,,false,false,/Users/carterswarm/Downloads/Google Calendar Export.ical/justdeedeemusic@gmail.com.ics
57ldagvo54g5a0co8ffr5bhdr5@google.com,justdeedeemusic@gmail.com,2025-10-12,2:00pm,5:00pm,COMPLETED,Baci Winery,Baci Winery,,false,false,/Users/carterswarm/Downloads/Google Calendar Export.ical/justdeedeemusic@gmail.com.ics
3mbv8pg473a8ns4l0an8lmeaue@google.com,justdeedeemusic@gmail.com,2025-10-18,6:00pm,9:00pm,COMPLETED,South River Vineyard,South River Vineyard,,false,false,/Users/carterswarm/Downloads/Google Calendar Export.ical/justdeedeemusic@gmail.com.ics
02qd4iqfi0b9umjkluj8i74u3s@google.com,justdeedeemusic@gmail.com,2025-10-19,3:00pm,6:00pm,COMPLETED,Das Weinhaus Open Mic,Das Weinhaus Open Mic,,false,false,/Users/carterswarm/Downloads/Google Calendar Export.ical/justdeedeemusic@gmail.com.ics
571id1d3ma1vlpu132e0402gtp@google.com,justdeedeemusic@gmail.com,2025-10-22,7:00pm,9:00pm,COMPLETED,Brighton Brewing,Brighton Brewing,,false,false,/Users/carterswarm/Downloads/Google Calendar Export.ical/justdeedeemusic@gmail.com.ics
0ucabrv91eifn595o23r3tudgu@google.com,justdeedeemusic@gmail.com,2025-10-24,6:00pm,9:00pm,COMPLETED,The Willoughby Tavern,The Willoughby Tavern,,false,false,/Users/carterswarm/Downloads/Google Calendar Export.ical/justdeedeemusic@gmail.com.ics
1bv0cembmds4ddel1ure2c568p@google.com,justdeedeemusic@gmail.com,2025-10-25,1:00pm,4:00pm,COMPLETED,Markko Vineyard,Markko Vineyard,,false,false,/Users/carterswarm/Downloads/Google Calendar Export.ical/justdeedeemusic@gmail.com.ics
4hskhoag9ugo6adrqbf287fabr@google.com,justdeedeemusic@gmail.com,2025-11-01,5:00pm,7:00pm,COMPLETED,Peninsula Coffee House and Market,Peninsula Coffee House and Market,,false,false,/Users/carterswarm/Downloads/Google Calendar Export.ical/justdeedeemusic@gmail.com.ics
2f4d7ba92tb8vgv21ubhe47hj9@google.com,justdeedeemusic@gmail.com,2025-11-08,11:30am,1:30pm,COMPLETED,Seville's Christmas Preview,Seville's Christmas Preview,"Seville, OH 44273, USA",false,false,/Users/carterswarm/Downloads/Google Calendar Export.ical/justdeedeemusic@gmail.com.ics
34ot58pm6es1ip6lo1tfvq7evt@google.com,justdeedeemusic@gmail.com,2025-11-16,3:00pm,6:00pm,COMPLETED,Das Weinhaus Open Mic,Das Weinhaus Open Mic,,false,false,/Users/carterswarm/Downloads/Google Calendar Export.ical/justdeedeemusic@gmail.com.ics
63c17246rnk7rkqml5oo8sguha@google.com,justdeedeemusic@gmail.com,2025-11-28,6:00pm,9:00pm,COMPLETED,Halliday Winery,Halliday Winery,,false,false,/Users/carterswarm/Downloads/Google Calendar Export.ical/justdeedeemusic@gmail.com.ics
6cr46ek5qcdfq5m7o1kom8u65s@google.com,justdeedeemusic@gmail.com,2025-12-03,7:00pm,9:00pm,COMPLETED,Brighton Brewing,Brighton Brewing,,false,false,/Users/carterswarm/Downloads/Google Calendar Export.ical/justdeedeemusic@gmail.com.ics
4s1o5julcfno5dqdgjqfqvdir6@google.com,justdeedeemusic@gmail.com,2025-12-06,6:00pm,9:00pm,COMPLETED,Pint and Pie Works,Pint and Pie Works,,false,false,/Users/carterswarm/Downloads/Google Calendar Export.ical/justdeedeemusic@gmail.com.ics
1pn39efsk7865lvgpb4fgg7v8k@google.com,justdeedeemusic@gmail.com,2025-12-13,2:00pm,5:00pm,COMPLETED,Markko Vineyard,Markko Vineyard,,false,false,/Users/carterswarm/Downloads/Google Calendar Export.ical/justdeedeemusic@gmail.com.ics
7adpk1qknh9f1e6cd7tqujl5na@google.com,justdeedeemusic@gmail.com,2025-12-19,6:00pm,9:00pm,COMPLETED,CountyLine Saloon,CountyLine Saloon,,false,false,/Users/carterswarm/Downloads/Google Calendar Export.ical/justdeedeemusic@gmail.com.ics
2id16caeph072n4fb6l9ud80pa@google.com,justdeedeemusic@gmail.com,2025-12-21,3:00pm,6:00pm,COMPLETED,Das Weinhaus Open Mic,Das Weinhaus Open Mic,,false,false,/Users/carterswarm/Downloads/Google Calendar Export.ical/justdeedeemusic@gmail.com.ics
3ocbcjhrf1e9orgmqufgoamih1@google.com,justdeedeemusic@gmail.com,2025-12-22,,,COMPLETED,JDDM Holiday Tour,JDDM Holiday Tour,,false,true,/Users/carterswarm/Downloads/Google Calendar Export.ical/justdeedeemusic@gmail.com.ics
5r17uskdlr6dulgptqrcnm772i@google.com,JDDM Web Events,2025-12-22,,,COMPLETED,JDDM Holiday Tour,JDDM Holiday Tour,,false,true,/Users/carterswarm/Downloads/Google Calendar Export.ical/JDDM Web Events_051b2fd8ffc9844eed9867801c9a348f546e282a484f7a33f47543273162a7ba@group.calendar.google.com.ics
5risdovs5pdcc8ug93njbmicg2@google.com,justdeedeemusic@gmail.com,2026-01-16,6:00pm,9:00pm,COMPLETED,Halliday Winery,Halliday Winery,,false,false,/Users/carterswarm/Downloads/Google Calendar Export.ical/justdeedeemusic@gmail.com.ics
39ujmnu2cjn64hr61mq35ghfsu@google.com,justdeedeemusic@gmail.com,2026-01-18,3:00pm,6:00pm,COMPLETED,Das Weinhaus Open Mic,Das Weinhaus Open Mic,,false,false,/Users/carterswarm/Downloads/Google Calendar Export.ical/justdeedeemusic@gmail.com.ics
7lg4e16eniakn89dcd08hti8ru@google.com,justdeedeemusic@gmail.com,2026-01-30,6:00pm,9:00pm,COMPLETED,Das Weinhaus,JustDeeDeeMusic Live @ Das Weinhaus,,false,false,/Users/carterswarm/Downloads/Google Calendar Export.ical/justdeedeemusic@gmail.com.ics
19d3o15c095bb3sj9vjg76h8b6@google.com,justdeedeemusic@gmail.com,2026-01-31,5:00pm,7:00pm,COMPLETED,Tipsy Flamingo,Tipsy Flamingo,,false,false,/Users/carterswarm/Downloads/Google Calendar Export.ical/justdeedeemusic@gmail.com.ics
0bfau4b8sd9fcchuecbdnpam6b@google.com,justdeedeemusic@gmail.com,2026-02-05,6:00pm,9:00pm,COMPLETED,Ridge & Rail,Ridge & Rail,,false,false,/Users/carterswarm/Downloads/Google Calendar Export.ical/justdeedeemusic@gmail.com.ics
63n85a4q4sv4smdllsfe9lumer@google.com,justdeedeemusic@gmail.com,2026-02-07,5:00pm,8:00pm,COMPLETED,Carso Rosso Winery,Carso Rosso Winery,,false,false,/Users/carterswarm/Downloads/Google Calendar Export.ical/justdeedeemusic@gmail.com.ics
5bt3r2gkrea98bkkpadj1jmh95@google.com,justdeedeemusic@gmail.com,2026-02-15,3:00pm,6:00pm,COMPLETED,Das Weinhaus Open Mic,Das Weinhaus Open Mic,,false,false,/Users/carterswarm/Downloads/Google Calendar Export.ical/justdeedeemusic@gmail.com.ics
74gqltunvi337fnjp4c4k0q7vk@google.com,justdeedeemusic@gmail.com,2026-03-01,4:30pm,7:30pm,COMPLETED,Ridge & Rail,Ridge & Rail,,false,false,/Users/carterswarm/Downloads/Google Calendar Export.ical/justdeedeemusic@gmail.com.ics
65lnbq7eu5cv2m7dr1hc2qf7hn@google.com,justdeedeemusic@gmail.com,2026-03-07,6:00pm,9:00pm,COMPLETED,Bummin' Beaver Brewery,Bummin' Beaver Brewery,"11610 E Washington St, Chagrin Falls, OH 44023",false,false,/Users/carterswarm/Downloads/Google Calendar Export.ical/justdeedeemusic@gmail.com.ics
A7391F19-4A50-4C71-9C06-5DC1B4D110E2,justdeedeemusic@gmail.com,2026-03-14,6:00pm,8:00pm,COMPLETED,Patina Porch,Patina Porch,,false,false,/Users/carterswarm/Downloads/Google Calendar Export.ical/justdeedeemusic@gmail.com.ics
7r4h5c9ep6v5bvv8ops3a9ku6n@google.com,justdeedeemusic@gmail.com,2026-03-15,3:00pm,6:00pm,COMPLETED,Das Weinhaus Open Mic,Das Weinhaus Open Mic,,false,false,/Users/carterswarm/Downloads/Google Calendar Export.ical/justdeedeemusic@gmail.com.ics
10kolkcqhqip2ck7m3u85f1tp0@google.com,justdeedeemusic@gmail.com,2026-03-18,6:30pm,8:30pm,COMPLETED,Little Birdie Wine Nest,Little Birdie Wine Nest,,false,false,/Users/carterswarm/Downloads/Google Calendar Export.ical/justdeedeemusic@gmail.com.ics
50lctdhjfti2fgig26gtla0le4@google.com,justdeedeemusic@gmail.com,2026-03-25,7:00pm,10:00pm,COMPLETED,Ridge & Rail,Ridge & Rail,,false,false,/Users/carterswarm/Downloads/Google Calendar Export.ical/justdeedeemusic@gmail.com.ics
7jhdvm94hva0216s3mmbfnealv@google.com,justdeedeemusic@gmail.com,2026-03-27,,,COMPLETED,JDDM Spring Tour,JDDM Spring Tour,,false,true,/Users/carterswarm/Downloads/Google Calendar Export.ical/justdeedeemusic@gmail.com.ics
7r1qk8l0kvd2u73tdb5od44ft3@google.com,JDDM Web Events,2026-03-27,,,COMPLETED,JDDM Spring Tour,JDDM Spring Tour,,false,true,/Users/carterswarm/Downloads/Google Calendar Export.ical/JDDM Web Events_051b2fd8ffc9844eed9867801c9a348f546e282a484f7a33f47543273162a7ba@group.calendar.google.com.ics
5cdkqsduuu4fvacv3haq5m8b9u@google.com,justdeedeemusic@gmail.com,2026-04-11,7:00pm,10:00pm,COMPLETED,The Phoenix Brewing Company,The Phoenix Brewing Company,,false,false,/Users/carterswarm/Downloads/Google Calendar Export.ical/justdeedeemusic@gmail.com.ics
7FDE5CB5-E344-4B46-B24D-CD2B224DD9E8,justdeedeemusic@gmail.com,2026-04-17,6:30pm,9:30pm,COMPLETED,Olesia’s,Olesia’s,,false,false,/Users/carterswarm/Downloads/Google Calendar Export.ical/justdeedeemusic@gmail.com.ics
7rgbf9nmbsrrm5ei6hme33sghg@google.com,justdeedeemusic@gmail.com,2026-04-19,3:00pm,7:00pm,COMPLETED,Das Weinhaus Open Mic,Das Weinhaus Open Mic,,false,false,/Users/carterswarm/Downloads/Google Calendar Export.ical/justdeedeemusic@gmail.com.ics
60msgdls9puefn4cg6gv51p9sc@google.com,justdeedeemusic@gmail.com,2026-04-24,6:00pm,9:00pm,COMPLETED,Bait House Brewery,Bait House Brewery,,false,false,/Users/carterswarm/Downloads/Google Calendar Export.ical/justdeedeemusic@gmail.com.ics
6g6uh6se43trjafteianlklgqh@google.com,justdeedeemusic@gmail.com,2026-05-01,5:00pm,8:00pm,COMPLETED,Carso Rosso Winery,Carso Rosso Winery,,false,false,/Users/carterswarm/Downloads/Google Calendar Export.ical/justdeedeemusic@gmail.com.ics
4jlqoo3fts3p1lg6vd2acvdnev@google.com,justdeedeemusic@gmail.com,2026-05-02,10:00am,12:00pm,COMPLETED,Haymaker Farmers' Market Music,Haymaker Farmers' Market Music,,false,false,/Users/carterswarm/Downloads/Google Calendar Export.ical/justdeedeemusic@gmail.com.ics
04vohko72mug00cnd5otfjmafv@google.com,justdeedeemusic@gmail.com,2026-05-02,5:00pm,8:00pm,PROPOSED,Baci Winery,Baci Winery - Proposed,,false,false,/Users/carterswarm/Downloads/Google Calendar Export.ical/justdeedeemusic@gmail.com.ics
6r6qd4hrtcp70lg22ds7boho4i@google.com,justdeedeemusic@gmail.com,2026-05-06,7:00pm,9:00pm,COMPLETED,Brighton Brewing,Brighton Brewing,,false,false,/Users/carterswarm/Downloads/Google Calendar Export.ical/justdeedeemusic@gmail.com.ics
0hcvnimnt3esdlf82bjtdncuk9@google.com,JDDM Web Events,2026-05-08,6:00pm,10:00pm,COMPLETED,Private Event,JDDM 2026 Scheduled Private Event,,true,false,/Users/carterswarm/Downloads/Google Calendar Export.ical/JDDM Web Events_051b2fd8ffc9844eed9867801c9a348f546e282a484f7a33f47543273162a7ba@group.calendar.google.com.ics
1s1fq43laem86f5kkg2deg65v6@google.com,JDDM Web Events,2026-05-09,1:00pm,6:00pm,COMPLETED,Private Event,JDDM 2026 Scheduled Private Event,,true,false,/Users/carterswarm/Downloads/Google Calendar Export.ical/JDDM Web Events_051b2fd8ffc9844eed9867801c9a348f546e282a484f7a33f47543273162a7ba@group.calendar.google.com.ics
7lvje09ofgq6va704skuu887s6@google.com,justdeedeemusic@gmail.com,2026-05-15,7:30pm,10:30pm,COMPLETED,Village Inn,Village Inn,,false,false,/Users/carterswarm/Downloads/Google Calendar Export.ical/justdeedeemusic@gmail.com.ics
3go25crecvt5c5n2dn5s0fbl65@google.com,justdeedeemusic@gmail.com,2026-05-16,6:00pm,8:00pm,BOOKED,Main Street Wooster,Main Street Wooster,,false,false,/Users/carterswarm/Downloads/Google Calendar Export.ical/justdeedeemusic@gmail.com.ics
5qvhm4thk3hgivl2b8sj15drej@google.com,justdeedeemusic@gmail.com,2026-05-17,3:00pm,6:00pm,BOOKED,Das Weinhaus Open Mic,Das Weinhaus Open Mic,,false,false,/Users/carterswarm/Downloads/Google Calendar Export.ical/justdeedeemusic@gmail.com.ics
5eimro6b288h380soce9cc560p@google.com,JDDM Web Events,2026-05-21,,,BOOKED,Private Event,JDDM 2026 Scheduled Private Event,,true,true,/Users/carterswarm/Downloads/Google Calendar Export.ical/JDDM Web Events_051b2fd8ffc9844eed9867801c9a348f546e282a484f7a33f47543273162a7ba@group.calendar.google.com.ics
5jbj7cqe6k2gps6rojt0a9oij0@google.com,JDDM Web Events,2026-05-22,,,BOOKED,Private Event,JDDM 2026 Scheduled Private Event,,true,true,/Users/carterswarm/Downloads/Google Calendar Export.ical/JDDM Web Events_051b2fd8ffc9844eed9867801c9a348f546e282a484f7a33f47543273162a7ba@group.calendar.google.com.ics
5iu41ai2tum33m1gq1uvsbo1mp@google.com,JDDM Web Events,2026-05-23,,,BOOKED,Private Event,JDDM 2026 Scheduled Private Event,,true,true,/Users/carterswarm/Downloads/Google Calendar Export.ical/JDDM Web Events_051b2fd8ffc9844eed9867801c9a348f546e282a484f7a33f47543273162a7ba@group.calendar.google.com.ics
1tui6eij94k43a8c9vpg4kucp5@google.com,JDDM Web Events,2026-05-24,,,BOOKED,Private Event,JDDM 2026 Scheduled Private Event,,true,true,/Users/carterswarm/Downloads/Google Calendar Export.ical/JDDM Web Events_051b2fd8ffc9844eed9867801c9a348f546e282a484f7a33f47543273162a7ba@group.calendar.google.com.ics
25vo7mh21ckba1muv2bfto0had@google.com,justdeedeemusic@gmail.com,2026-05-30,2:00pm,5:00pm,BOOKED,Castaway Craigs - Lake Milton,Castaway Craigs - Lake Milton,,false,false,/Users/carterswarm/Downloads/Google Calendar Export.ical/justdeedeemusic@gmail.com.ics
6pck8ccbrnt1dp2lri6esfshmj@google.com,justdeedeemusic@gmail.com,2026-06-06,2:00pm,5:00pm,BOOKED,Markko Vineyard,Markko Vineyard,,false,false,/Users/carterswarm/Downloads/Google Calendar Export.ical/justdeedeemusic@gmail.com.ics
6drjslp652taglafilkc3agclg@google.com,justdeedeemusic@gmail.com,2026-06-07,4:00pm,7:00pm,BOOKED,Paninis Brunswick,Paninis Brunswick,,false,false,/Users/carterswarm/Downloads/Google Calendar Export.ical/justdeedeemusic@gmail.com.ics
2ds75pvub86kj566d8g262qrv0@google.com,justdeedeemusic@gmail.com,2026-06-12,5:00pm,8:00pm,BOOKED,Pipe Creek Wharf,Pipe Creek Wharf,,false,false,/Users/carterswarm/Downloads/Google Calendar Export.ical/justdeedeemusic@gmail.com.ics
4kg44ktggf0bf5f07rv8q66k56@google.com,justdeedeemusic@gmail.com,2026-06-13,6:00pm,9:00pm,BOOKED,LALA's in the lakes (trial),LALA's in the lakes (trial),,false,false,/Users/carterswarm/Downloads/Google Calendar Export.ical/justdeedeemusic@gmail.com.ics
0d723581nj9f26fl9uooscmdvk@google.com,justdeedeemusic@gmail.com,2026-06-18,,,BOOKED,JDDM Summer Tour,JDDM Summer Tour,,false,true,/Users/carterswarm/Downloads/Google Calendar Export.ical/justdeedeemusic@gmail.com.ics
085mf1ln0sp70gd0184cji29ng@google.com,JDDM Web Events,2026-06-18,,,BOOKED,JDDM Summer Tour,JDDM Summer Tour,,false,true,/Users/carterswarm/Downloads/Google Calendar Export.ical/JDDM Web Events_051b2fd8ffc9844eed9867801c9a348f546e282a484f7a33f47543273162a7ba@group.calendar.google.com.ics
537aq22nge6ml0eemgse7rrjcc@google.com,justdeedeemusic@gmail.com,2026-07-08,7:00pm,9:00pm,BOOKED,Brighton Brewing,Brighton Brewing,,false,false,/Users/carterswarm/Downloads/Google Calendar Export.ical/justdeedeemusic@gmail.com.ics
0jcmr3h4i3jnlmmpcktho503c5@google.com,justdeedeemusic@gmail.com,2026-07-10,8:00pm,11:00pm,BOOKED,Village Inn,Village Inn,,false,false,/Users/carterswarm/Downloads/Google Calendar Export.ical/justdeedeemusic@gmail.com.ics
2E9A184E-0F73-43C1-892D-7D6CA9C16BB3,justdeedeemusic@gmail.com,2026-07-12,4:00pm,6:00pm,BOOKED,Crocker Park,Crocker Park,,false,false,/Users/carterswarm/Downloads/Google Calendar Export.ical/justdeedeemusic@gmail.com.ics
7tl8af0baq2ibqssh0hmkc58if@google.com,justdeedeemusic@gmail.com,2026-07-17,6:00pm,9:00pm,BOOKED,Bummin' Beaver Brewery,Bummin' Beaver Brewery,"11610 E Washington St, Chagrin Falls, OH 44023",false,false,/Users/carterswarm/Downloads/Google Calendar Export.ical/justdeedeemusic@gmail.com.ics
2mrdbt3goib9v8g2kms4jqpgi9@google.com,justdeedeemusic@gmail.com,2026-07-18,6:00pm,9:00pm,BOOKED,Pint & Pie Works,Pint & Pie Works,,false,false,/Users/carterswarm/Downloads/Google Calendar Export.ical/justdeedeemusic@gmail.com.ics
45rv28t5bm1gelgtq31ejr4r3q@google.com,justdeedeemusic@gmail.com,2026-07-19,3:00pm,6:00pm,BOOKED,Das Weinhaus,Das Weinhaus,,false,false,/Users/carterswarm/Downloads/Google Calendar Export.ical/justdeedeemusic@gmail.com.ics
h1hpvvaukltetnnmlssef4o74s@google.com,justdeedeemusic@gmail.com,2026-07-25,6:00pm,8:00pm,BOOKED,White Timbers,White Timbers,,false,false,/Users/carterswarm/Downloads/Google Calendar Export.ical/justdeedeemusic@gmail.com.ics
uuslbh9qqdelp1un8bfub21b8s@google.com,justdeedeemusic@gmail.com,2026-07-26,1:00pm,4:00pm,BOOKED,Lorain Brewing,Lorain Brewing,,false,false,/Users/carterswarm/Downloads/Google Calendar Export.ical/justdeedeemusic@gmail.com.ics
13oiil9a2jiouktpsnejldnaet@google.com,justdeedeemusic@gmail.com,2026-07-31,5:00pm,8:00pm,PROPOSED,Baci Winery,Baci Winery - Proposed,,false,false,/Users/carterswarm/Downloads/Google Calendar Export.ical/justdeedeemusic@gmail.com.ics
0u4ovf02t8kpgd4g8md71cs7gn@google.com,justdeedeemusic@gmail.com,2026-08-01,9:00am,12:00pm,BOOKED,Seville Farmers Market,Seville Farmers Market,,false,false,/Users/carterswarm/Downloads/Google Calendar Export.ical/justdeedeemusic@gmail.com.ics
288B1C09-705C-4C4F-92AA-32A5EB5CC7FC,justdeedeemusic@gmail.com,2026-08-02,2:00pm,5:00pm,BOOKED,Castaway Craigs - Lake Milton,Castaway Craigs - Lake Milton,,false,false,/Users/carterswarm/Downloads/Google Calendar Export.ical/justdeedeemusic@gmail.com.ics
1ohhuq5le7a0lcfl4i62e3t2hi@google.com,justdeedeemusic@gmail.com,2026-08-07,5:00pm,8:00pm,BOOKED,Pipe Creek Wharf,Pipe Creek Wharf,,false,false,/Users/carterswarm/Downloads/Google Calendar Export.ical/justdeedeemusic@gmail.com.ics
61lvejoptcqi94f9f1bj0ng0r8@google.com,justdeedeemusic@gmail.com,2026-08-08,2:00pm,5:00pm,BOOKED,Markko Vineyard,Markko Vineyard,,false,false,/Users/carterswarm/Downloads/Google Calendar Export.ical/justdeedeemusic@gmail.com.ics
1e444o6si6feukdkko56qqquj4@google.com,justdeedeemusic@gmail.com,2026-08-14,6:00pm,9:00pm,BOOKED,Bummin' Beaver Brewery,Bummin' Beaver Brewery,"11610 E Washington St, Chagrin Falls, OH 44023",false,false,/Users/carterswarm/Downloads/Google Calendar Export.ical/justdeedeemusic@gmail.com.ics
39pah3re4u66av8bvdv8qe7hhv@google.com,justdeedeemusic@gmail.com,2026-08-15,6:00pm,9:00pm,BOOKED,Pint & Pie Works,Pint & Pie Works,,false,false,/Users/carterswarm/Downloads/Google Calendar Export.ical/justdeedeemusic@gmail.com.ics
1japr7ndhb4kvah96lat0bjfg0@google.com,justdeedeemusic@gmail.com,2026-08-16,3:00pm,6:00pm,BOOKED,Das Weinhaus,Das Weinhaus,,false,false,/Users/carterswarm/Downloads/Google Calendar Export.ical/justdeedeemusic@gmail.com.ics
4uh80ul51m231ilj2gpg65rpqr@google.com,justdeedeemusic@gmail.com,2026-08-21,5:00pm,8:00pm,BOOKED,Pipe Creek Wharf,Pipe Creek Wharf,,false,false,/Users/carterswarm/Downloads/Google Calendar Export.ical/justdeedeemusic@gmail.com.ics
42bthrd9h5ju29dmj0dg1p6rm6@google.com,justdeedeemusic@gmail.com,2026-08-22,9:00am,12:00pm,BOOKED,Seville Farmers Market,Seville Farmers Market,,false,false,/Users/carterswarm/Downloads/Google Calendar Export.ical/justdeedeemusic@gmail.com.ics
36f4bcpuh1l6je590ijv0h8e3o@google.com,justdeedeemusic@gmail.com,2026-08-29,8:00pm,11:00pm,BOOKED,Travelers Grille,Travelers Grille,,false,false,/Users/carterswarm/Downloads/Google Calendar Export.ical/justdeedeemusic@gmail.com.ics
3n0cbvkt0jc9cedon95b56fjsg@google.com,JDDM Web Events,2026-08-29,8:00pm,11:00pm,BOOKED,JDDM 2026 Scheduled Public Event,JDDM 2026 Scheduled Public Event,,false,false,/Users/carterswarm/Downloads/Google Calendar Export.ical/JDDM Web Events_051b2fd8ffc9844eed9867801c9a348f546e282a484f7a33f47543273162a7ba@group.calendar.google.com.ics
1ab95f1o2uqpgo957c2rhbt66e@google.com,justdeedeemusic@gmail.com,2026-09-02,7:00pm,9:00pm,BOOKED,Brighton Brewing,Brighton Brewing,,false,false,/Users/carterswarm/Downloads/Google Calendar Export.ical/justdeedeemusic@gmail.com.ics
3e1cn51kdejpk5lqri851fl419@google.com,justdeedeemusic@gmail.com,2026-09-12,9:00am,11:00am,BOOKED,Wooster Famers Market,Wooster Famers Market,,false,false,/Users/carterswarm/Downloads/Google Calendar Export.ical/justdeedeemusic@gmail.com.ics
5cjtmhfp0jvi3gv4k8k7u6fspq@google.com,justdeedeemusic@gmail.com,2026-09-19,8:00pm,11:00pm,BOOKED,Village Inn,Village Inn,,false,false,/Users/carterswarm/Downloads/Google Calendar Export.ical/justdeedeemusic@gmail.com.ics
7gc49jbgduinqom4pu2pvnkrp0@google.com,justdeedeemusic@gmail.com,2026-09-20,3:00pm,6:00pm,BOOKED,Das Weinhaus,Das Weinhaus,,false,false,/Users/carterswarm/Downloads/Google Calendar Export.ical/justdeedeemusic@gmail.com.ics
1bbf23v52c4ccbsp6qb9dritjt@google.com,justdeedeemusic@gmail.com,2026-09-26,2:00pm,5:00pm,BOOKED,Markko Vineyard,Markko Vineyard,,false,false,/Users/carterswarm/Downloads/Google Calendar Export.ical/justdeedeemusic@gmail.com.ics
1ljoc15mjg68akfkgso3dgpmvm@google.com,justdeedeemusic@gmail.com,2026-10-02,6:00pm,9:00pm,BOOKED,Secret At Center,Secret At Center,,false,false,/Users/carterswarm/Downloads/Google Calendar Export.ical/justdeedeemusic@gmail.com.ics
5fibmau4lpu40hajlaq3hqnt5t@google.com,JDDM Web Events,2026-10-02,6:00pm,9:00pm,BOOKED,JDDM 2026 Scheduled Public Event,JDDM 2026 Scheduled Public Event,,false,false,/Users/carterswarm/Downloads/Google Calendar Export.ical/JDDM Web Events_051b2fd8ffc9844eed9867801c9a348f546e282a484f7a33f47543273162a7ba@group.calendar.google.com.ics
1o0olpjvbf74dfdlaclk527qob@google.com,justdeedeemusic@gmail.com,2026-10-17,5:00pm,7:00pm,BOOKED,Peninsula Coffee House and Market,Peninsula Coffee House and Market,,false,false,/Users/carterswarm/Downloads/Google Calendar Export.ical/justdeedeemusic@gmail.com.ics
0vn5o1du65f5ohqgoqqs6s2o46@google.com,JDDM Web Events,2026-10-17,5:00pm,7:00pm,BOOKED,JDDM 2026 Scheduled Public Event,JDDM 2026 Scheduled Public Event,,false,false,/Users/carterswarm/Downloads/Google Calendar Export.ical/JDDM Web Events_051b2fd8ffc9844eed9867801c9a348f546e282a484f7a33f47543273162a7ba@group.calendar.google.com.ics
6ee0t8k3274buihub3msosjlaf@google.com,justdeedeemusic@gmail.com,2026-10-18,3:00pm,6:00pm,BOOKED,Das Weinhaus Open Mic,Das Weinhaus Open Mic,,false,false,/Users/carterswarm/Downloads/Google Calendar Export.ical/justdeedeemusic@gmail.com.ics
01li5lh28cesub3jfhbccm9bnp@google.com,justdeedeemusic@gmail.com,2026-10-23,6:30pm,8:30pm,BOOKED,Fila Cellars,Fila Cellars,,false,false,/Users/carterswarm/Downloads/Google Calendar Export.ical/justdeedeemusic@gmail.com.ics
4m35m6k10fstmvink5pq8jkqs7@google.com,JDDM Web Events,2026-10-23,6:30pm,8:30pm,BOOKED,JDDM 2026 Scheduled Public Event,JDDM 2026 Scheduled Public Event,,false,false,/Users/carterswarm/Downloads/Google Calendar Export.ical/JDDM Web Events_051b2fd8ffc9844eed9867801c9a348f546e282a484f7a33f47543273162a7ba@group.calendar.google.com.ics
7ve696o80eq3ce3taarfp3j0bc@google.com,justdeedeemusic@gmail.com,2026-11-04,7:00pm,9:00pm,BOOKED,Brighton Brewing,Brighton Brewing,,false,false,/Users/carterswarm/Downloads/Google Calendar Export.ical/justdeedeemusic@gmail.com.ics
1jrmgadmedhov9qrdiu1gn00d2@google.com,justdeedeemusic@gmail.com,2026-11-13,6:00pm,9:00pm,BOOKED,Bummin' Beaver Brewery,Bummin' Beaver Brewery,"11610 E Washington St, Chagrin Falls, OH 44023",false,false,/Users/carterswarm/Downloads/Google Calendar Export.ical/justdeedeemusic@gmail.com.ics
4p33l7e4rs4ve9t6lqrp30o65t@google.com,justdeedeemusic@gmail.com,2026-11-15,3:00pm,6:00pm,BOOKED,Das Weinhaus Open Mic,Das Weinhaus Open Mic,,false,false,/Users/carterswarm/Downloads/Google Calendar Export.ical/justdeedeemusic@gmail.com.ics
0tahmuqn3abi1bni1ded4tfjkj@google.com,justdeedeemusic@gmail.com,2026-12-11,7:30pm,10:30pm,BOOKED,Village Inn,Village Inn,,false,false,/Users/carterswarm/Downloads/Google Calendar Export.ical/justdeedeemusic@gmail.com.ics
0kbthq8fns079hnjb4v9hpk3c3@google.com,justdeedeemusic@gmail.com,2026-12-19,5:00pm,7:00pm,BOOKED,Peninsula Coffee House and Market,Peninsula Coffee House and Market,,false,false,/Users/carterswarm/Downloads/Google Calendar Export.ical/justdeedeemusic@gmail.com.ics
7snfc3aavu80pc9rib3aresoc1@google.com,JDDM Web Events,2026-12-19,5:00pm,7:00pm,BOOKED,JDDM 2026 Scheduled Public Event,JDDM 2026 Scheduled Public Event,,false,false,/Users/carterswarm/Downloads/Google Calendar Export.ical/JDDM Web Events_051b2fd8ffc9844eed9867801c9a348f546e282a484f7a33f47543273162a7ba@group.calendar.google.com.ics
7mciku64sqonu2aaojsf7cg8p3@google.com,justdeedeemusic@gmail.com,2026-12-20,3:00pm,6:00pm,BOOKED,Das Weinhaus Open Mic,Das Weinhaus Open Mic,,false,false,/Users/carterswarm/Downloads/Google Calendar Export.ical/justdeedeemusic@gmail.com.ics
1pbrf88gfcbagh5gdqk6j90iqt@google.com,justdeedeemusic@gmail.com,2026-12-21,,,BOOKED,JDDM Holiday Tour,JDDM Holiday Tour,,false,true,/Users/carterswarm/Downloads/Google Calendar Export.ical/justdeedeemusic@gmail.com.ics
0si5r9kv42tp7kanuvfh6s048e@google.com,JDDM Web Events,2026-12-21,,,BOOKED,JDDM Holiday Tour,JDDM Holiday Tour,,false,true,/Users/carterswarm/Downloads/Google Calendar Export.ical/JDDM Web Events_051b2fd8ffc9844eed9867801c9a348f546e282a484f7a33f47543273162a7ba@group.calendar.google.com.ics
